,Unnamed: 0,id,title,revenue,vote_average,imdb_id,original_title,overview,popularity,poster_path,genres,keywords
501,501,424,Schindler's List,321365567,8.573,tt0108052,Schindler's List,The true story of how businessman Oskar Schindler saved over a thousand Jewish lives from the Nazis while they worked as slaves in his factory during World War II.,65.084,/sF1U4EUQS8YHUYjNl3pMGNIQyr0.jpg,"Drama, History, War","factory, hero, based on novel or book, nazi, concentration camp, ss (nazi schutzstaffel), holocaust (shoah), world war ii, ghetto, jew persecution, kraków, poland, defense industry, auschwitz-birkenau concentration camp, biography, based on true story, industrialist, historical fiction, black and white, train, poland, weapons manufacturer, absurd"
424,424,372058,Your Name.,357986087,8.514,tt5311514,君の名は。,"High schoolers Mitsuha and Taki are complete strangers living separate lives. But one night, they suddenly switch places. Mitsuha wakes up in Taki’s body, and he in hers. This bizarre occurrence continues to happen randomly, and the two must adjust their lives around each other.",68.999,/q719jXXEzOoYaps6babgKnONONX.jpg,"Romance, Animation, Drama","race against time, afterlife, natural disaster, supernatural, time travel, comet, romance, tragedy, school, body-swap, nonlinear timeline, star crossed lovers, anime, dreams"
48,48,155,The Dark Knight,1004558444,8.512,tt0468569,The Dark Knight,"Batman raises the stakes in his war on crime. With the help of Lt. Jim Gordon and District Attorney Harvey Dent, Batman sets out to dismantle the remaining criminal organizations that plague the streets. The partnership proves to be effective, but they soon find themselves prey to a reign of chaos unleashed by a rising criminal mastermind known to the terrified citizens of Gotham as the Joker.",130.643,/qJ2tW6WMUDux911r6m7haRef0WH.jpg,"Drama, Action, Crime, Thriller","joker, sadism, chaos, secret identity, crime fighter, superhero, anti hero, scarecrow, based on comic, vigilante, organized crime, tragic hero, anti villain, criminal mastermind, district attorney, super power, super villain, neo-noir"
152,152,13,Forrest Gump,677387716,8.477,tt0109830,Forrest Gump,"A man with a low IQ has accomplished great things in his life and been present during significant historic events—in each case, far exceeding what anyone imagined he could do. But despite all he has achieved, his one true love eludes him.",92.693,/arw2vcBveWOVZr6pxd9XTd1TdQa.jpg,"Comedy, Drama, Romance","vietnam war, vietnam veteran, mentally disabled, friendship, usa president, washington dc, usa, post-traumatic stress disorder (ptsd), waitress, china, based on novel or book, hippie, single parent, parent child relationship, optimism, 1970s, drug addiction, autism, alabama, black panther party, bus stop, family relationships, single mother, military, anti war protest, 1960s, college american football, mother son relationship, loving, feel-good"
32,32,122,The Lord of the Rings: The Return of the King,1118888979,8.474,tt0167260,The Lord of the Rings: The Return of the King,"Aragorn is revealed as the heir to the ancient kings as he, Gandalf and the other members of the broken fellowship struggle to save Gondor from Sauron's forces. Meanwhile, Frodo and Sam take the ring closer to the heart of Mordor, the dark lord's realm.",99.276,/rCzpDGLbOoPwLjy3OAm5NUPOTrC.jpg,"Adventure, Fantasy, Action","based on novel or book, orcs, elves, dwarf, bravery, suspicion, volcano, addiction, honor, royalty, troll, brutality, ghost, wizard, quest, live action and animation, sword and sorcery"
150,150,569094,Spider-Man: Across the Spider-Verse,683241751,8.442,tt9362722,Spider-Man: Across the Spider-Verse,"After reuniting with Gwen Stacy, Brooklyn’s full-time, friendly neighborhood Spider-Man is catapulted across the Multiverse, where he encounters the Spider Society, a team of Spider-People charged with protecting the Multiverse’s very existence. But when the heroes clash on how to handle a new threat, Miles finds himself pitted against the other Spiders and must set out on his own to save those he loves most.",512.336,/8Vt6mWEReuy4Of61Lnj5Xj704m8.jpg,"Animation, Action, Adventure","new york city, sacrifice, superhero, comic book, based on comic, sequel, romance, alternate dimension, india, alternate version, super power, brooklyn, new york city, superhero team, spider bite, super villain, cliffhanger, teen superhero, chelsea, alternate universe, teen romance, female superhero, slow burn romance, interdimensional travel, defying fate"
144,144,157336,Interstellar,701729206,8.417,tt0816692,Interstellar,The adventures of a group of explorers who make use of a newly discovered wormhole to surpass the limitations on human space travel and conquer the vast distances involved in an interstellar voyage.,140.241,/gEU2QniE6E77NI6lCU6MxlNBvIx.jpg,"Adventure, Drama, Science Fiction","rescue, future, spacecraft, race against time, artificial intelligence (a.i.), nasa, time warp, dystopia, expedition, space travel, wormhole, famine, black hole, quantum mechanics, family relationships, space, robot, astronaut, scientist, single father, farmer, space station, curious, space adventure, time paradox, thoughtful, time-manipulation, father daughter relationship, 2060s, cornfield, time manipulation, complicated"
384,384,324857,Spider-Man: Into the Spider-Verse,375464627,8.404,tt4633694,Spider-Man: Into the Spider-Verse,"Struggling to find his place in the world while juggling school and family, Brooklyn teenager Miles Morales is unexpectedly bitten by a radioactive spider and develops unfathomable powers just like the one and only Spider-Man. While wrestling with the implications of his new abilities, Miles discovers a super collider created by the madman Wilson ""Kingpin"" Fisk, causing others from across the Spider-Verse to be inadvertently transported to his dimension.",80.675,/iiZZdoQBEYBv6id8su7ImL0oCbD.jpg,"Action, Adventure, Animation, Science Fiction","superhero, based on comic, aftercreditsstinger, alternate universe"
82,82,120,The Lord of the Rings: The Fellowship of the Ring,871368364,8.402,tt0120737,The Lord of the Rings: The Fellowship of the Ring,"Young hobbit Frodo Baggins, after inheriting a mysterious ring from his uncle Bilbo, must leave his home in order to keep it from falling into the hands of its evil creator. Along the way, a fellowship is formed to protect the ringbearer and make sure that the ring arrives at its final destination: Mt. Doom, the only place where it can be destroyed.",87.037,/6oom5QYQ2yQTMJIbnvbkBL9cHo6.jpg,"Adventure, Fantasy, Action","based on novel or book, orcs, elves, dwarf, magic, loss of loved one, river, fireworks, mine, maze, mountain, new zealand, castle, volcano, birthday party, addiction, uncle, fugitive, battle, death, blizzard, wizard, journey, ring, live action and animation, sword and sorcery, nz"
218,218,1891,The Empire Strikes Back,538400000,8.4,tt0080684,The Empire Strikes Back,"The epic saga continues as Luke Skywalker, in hopes of defeating the evil Galactic Empire, learns the ways of the Jedi from aging master Yoda. But Darth Vader is more determined than ever to capture Luke. Meanwhile, rebel leader Princess Leia, cocky Han Solo, Chewbacca, and droids C-3PO and R2-D2 are thrown into various stages of capture, betrayal and despair.",35.265,/nNAeTmF4CtdSgMDplXTDPOpYzsX.jpg,"Adventure, Action, Science Fiction","rebellion, android, spacecraft, asteroid, rebel, space battle, snowstorm, space colony, swamp, space opera, artic"
66,66,121,The Lord of the Rings: The Two Towers,926287400,8.385,tt0167261,The Lord of the Rings: The Two Towers,"Frodo and Sam are trekking to Mordor to destroy the One Ring of Power while Gimli, Legolas and Aragorn search for the orc-captured Merry and Pippin. All along, nefarious wizard Saruman awaits the Fellowship members at the Orthanc Tower in Isengard.",78.73,/5VTN0pR8gcqV3EPUHHfMGnJYN9L.jpg,"Adventure, Fantasy, Action","mission, army, based on novel or book, funeral, orcs, elves, dwarf, explosive, fort, cave, siege, addiction, attack, dragon, guide, death, split personality, wizard, ring, live action and animation, sword and sorcery"
487,487,807,Se7en,327311859,8.368,tt0114369,Se7en,"Two homicide detectives are on a desperate hunt for a serial killer whose crimes are based on the ""seven deadly sins"" in this dark and haunting film that takes viewers from the tortured remains of one victim to the next. The seasoned Det. Sommerset researches each sin in an effort to get inside the killer's mind, while his novice partner, Mills, scoffs at his efforts to unravel the case.",53.521,/6yoghtyTpznpBik8EngEmJskVUO.jpg,"Crime, Mystery, Thriller","drug dealer, rage and hate, police, s.w.a.t., sadism, self-fulfilling prophecy, psychopath, detective, rain, investigation, pension, evisceration, pride and vanity, immoderateness, insomnia, murder, serial killer, religion, seven deadly sins, depravity, neo-noir"
94,94,27205,Inception,825532764,8.364,tt1375666,Inception,"Cobb, a skilled thief who commits corporate espionage by infiltrating the subconscious of his targets is offered a chance to regain his old life as payment for a task considered to be impossible: ""inception"", the implantation of another person's idea into a target's subconscious.",83.952,/oYuLEt3zVCKq57qu2F8dT7NIa6f.jpg,"Action, Science Fiction, Adventure","rescue, mission, dream, airplane, paris, france, virtual reality, kidnapping, philosophy, spy, allegory, manipulation, car crash, heist, memory, architecture, los angeles, california, dream world, subconscious"
375,375,105,Back to the Future,381109762,8.314,tt0088763,Back to the Future,"Eighties teenager Marty McFly is accidentally sent back in time to 1955, inadvertently disrupting his parents' first meeting and attracting his mother's romantic interest. Marty must repair the damage to history by rekindling his parents' romance and - with the help of his eccentric inventor friend Doc Brown - return to 1985.",62.543,/fNOH9f1aA7XRTzl1sAOx9iF553Q.jpg,"Adventure, Comedy, Science Fiction","flying car, race against time, clock tower, car race, lightning, guitar, plutonium, inventor, journey in the past, invention, time travel, bullying, mad scientist, fish out of water, terrorism, teenage love, destiny, hidden identity, love and romance, teenage life, changing the past or future, 1950s, tiempo, amused"
317,317,77338,The Intouchables,426588510,8.277,tt1675434,Intouchables,A true story of two men who should never have met – a quadriplegic aristocrat who was injured in a paragliding accident and a young man from the projects.,41.656,/323BP0itpxTsO0skTwdnVmf7YC9.jpg,"Drama, Comedy","friendship, male friendship, based on true story, masseuse, aristocrat, paragliding, interracial friendship, unlikely friendship, duringcreditsstinger, quadriplegic, quadriplegia, loving, feel good, intouchables"
259,259,315162,Puss in Boots: The Last Wish,482129780,8.266,tt3915174,Puss in Boots: The Last Wish,"Puss in Boots discovers that his passion for adventure has taken its toll: He has burned through eight of his nine lives, leaving him with only one life left. Puss sets out on an epic journey to find the mythical Last Wish and restore his nine lives.",221.49,/kuf6dutpsT0vSVehic3EZIqkOBt.jpg,"Animation, Family, Fantasy, Adventure, Comedy, Action","fairy tale, sequel, talking dog, spin off, aftercreditsstinger, talking cat, fear of death, shrek cinematic universe"
1,1,299534,Avengers: Endgame,2800000000,8.263,tt4154796,Avengers: Endgame,"After the devastating events of Avengers: Infinity War, the universe is in ruins due to the efforts of the Mad Titan, Thanos. With the help of remaining allies, the Avengers must assemble once more in order to undo Thanos' actions and restore order to the universe once and for all, no matter what consequences may be in store.",91.756,/or06FN3Dka5tukK1e9sl16pB3iy.jpg,"Adventure, Science Fiction, Action","superhero, time travel, space travel, time machine, based on comic, sequel, alien invasion, superhero team, marvel cinematic universe (mcu), alternate timeline, father daughter relationship, sister sister relationship"
11,11,361743,Top Gun: Maverick,1488732821,8.26,tt1745960,Top Gun: Maverick,"After more than thirty years of service as one of the Navy’s top aviators, and dodging the advancement in rank that would ground him, Pete “Maverick” Mitchell finds himself training a detachment of TOP GUN graduates for a specialized mission the likes of which no living pilot has ever seen.",126.291,/62HCnUTziyWcpDaBO2i1DX17ljH.jpg,"Action, Drama","fighter pilot, u.s. navy, sequel, nuclear weapons, military"
241,241,635302,Demon Slayer -Kimetsu no Yaiba- The Movie: Mugen Train,503063688,8.259,tt11032374,劇場版「鬼滅の刃」無限列車編,"Tanjiro Kamado, joined with Inosuke Hashibira, a boy raised by boars who wears a boar's head, and Zenitsu Agatsuma, a scared boy who reveals his true power when he sleeps, boards the Infinity Train on a new mission with the Fire Hashira, Kyojuro Rengoku, to defeat a demon who has been tormenting the people and killing the demon slayers who oppose it!",96.797,/h8Rb9gBr48ODIwYUttZNYeMWeUU.jpg,"Action, Animation, Adventure, Fantasy, Thriller","fight, magic, supernatural, psychology, gore, coming of age, survival, tragedy, based on manga, demon, historical, family, mutilation, adult animation, dark fantasy, shounen, anime, taisho, based on tv series"
64,64,872585,Oppenheimer,933700000,8.256,tt15398776,Oppenheimer,The story of J. Robert Oppenheimer’s role in the development of the atomic bomb during World War II.,463.384,/8Gxv8gSFCU0XGDykEGv7zR1n2ua.jpg,"Drama, History","husband wife relationship, based on novel or book, atomic bomb, patriotism, new mexico, world war ii, atomic bomb test, physics, biography, based on true story, interrogation, guilt, historical event, nuclear weapons, communism, red scare, mccarthyism, top secret project, moral dilemma, usa politics, 1940s, antisemitism, 20th century, manhattan project, los alamos"
118,118,8587,The Lion King,763455561,8.256,tt0110357,The Lion King,"A young lion prince is cast out of his pride by his cruel uncle, who claims he killed his father. While the uncle rules with an iron paw, the prince grows up beyond the Savannah, living by a philosophy: No worries for the rest of your days. But when his past comes to haunt him, the young prince must decide his fate: Will he remain an outcast or face his demons and become what he needs to be?",87.384,/sKCr78MXSLixwmZ8DyJLrpMsd15.jpg,"Family, Animation, Drama","father murder, loss of loved one, africa, lion, manipulation, redemption, musical, uncle, murder, warthog, shaman, king, scar, family, hyena, meerkat, nature, mandrill, powerful"
5,5,299536,Avengers: Infinity War,2052415039,8.255,tt4154756,Avengers: Infinity War,"As the Avengers and their allies have continued to protect the world from threats too large for any one hero to handle, a new danger has emerged from the cosmic shadows: Thanos. A despot of intergalactic infamy, his goal is to collect all six Infinity Stones, artifacts of unimaginable power, and use them to inflict his twisted will on all of reality. Everything the Avengers have fought for has led up to this moment - the fate of Earth and existence itself has never been more uncertain.",154.34,/7WsyChQLEftFiDOVTGkv3hFpyyt.jpg,"Adventure, Action, Science Fiction","sacrifice, magic, superhero, based on comic, space, battlefield, genocide, magical object, super power, aftercreditsstinger, marvel cinematic universe (mcu), cosmic"
508,508,490132,Green Book,319700000,8.242,tt6966692,Green Book,"Tony Lip, a bouncer in 1962, is hired to drive pianist Don Shirley on a tour through the Deep South in the days when African Americans, forced to find alternate accommodations and services due to segregation laws below the Mason-Dixon Line, relied on a guide called The Negro Motorist Green Book.",34.768,/7BsvSuDQuoqhWmU2fL7W2GOcZHU.jpg,"Drama, Comedy","friendship, southern usa, road trip, racism, pianist, driver, lgbt, road movie, music tour, 1960s, roadtrip, feel good"
102,102,354912,Coco,800526015,8.222,tt2380307,Coco,"Despite his family’s baffling generations-old ban on music, Miguel dreams of becoming an accomplished musician like his idol, Ernesto de la Cruz. Desperate to prove his talent, Miguel finds himself in the stunning and colorful Land of the Dead following a mysterious chain of events. Along the way, he meets charming trickster Hector, and together, they set off on an extraordinary journey to unlock the real story behind Miguel's family history.",166.578,/gGEsBPAijhVUFoiNpgZXqRVWJt2.jpg,"Family, Animation, Fantasy, Music, Comedy, Adventure","skeleton, mexico, guitar, afterlife, musician, holiday, singer, life after death, child, day of the dead, pixar"
500,500,16869,Inglourious Basterds,321457747,8.215,tt0361748,Inglourious Basterds,"In Nazi-occupied France during World War II, a group of Jewish-American soldiers known as ""The Basterds"" are chosen specifically to spread fear throughout the Third Reich by scalping and brutally killing Nazis. The Basterds, lead by Lt. Aldo Raine soon cross paths with a French-Jewish teenage girl who runs a movie theater in Paris which is targeted by the soldiers.",59.162,/7sfbEnaARXDDhKm0CZ7D7uc2sbo.jpg,"Drama, Thriller, War","guerrilla warfare, swastika, paris, france, nazi, self sacrifice, sadism, dynamite, mexican standoff, world war ii, jew persecution, masochism, anti-semitism, german occupation of france, british politics, revisionist history, adolf hitler"
260,260,857,Saving Private Ryan,481840909,8.209,tt0120815,Saving Private Ryan,"As U.S. troops storm the beaches of Normandy, three brothers lie dead on the battlefield, with a fourth trapped behind enemy lines. Ranger captain John Miller and seven men are tasked with penetrating German-held territory and bringing the boy home.",59.745,/uqx37cS8cpHg8U35f9U5IBlrCV3.jpg,"Drama, History, War","epic, army, airplane, self sacrifice, war veteran, war crimes, war ship, bravery, world war ii, normandy, france, parachute, troops, waffen ss, omaha beach, rescue mission, war memorial, cowardice, deserted town, based on true story, d-day, soldier, death, military, military operation, 1940s"
277,277,98,Gladiator,465361176,8.209,tt0172495,Gladiator,"In the year 180, the death of emperor Marcus Aurelius throws the Roman Empire into chaos.  Maximus is one of the Roman army's most capable and trusted generals and a key advisor to the emperor.  As Marcus' devious son Commodus ascends to the throne, Maximus is set to be executed.  He escapes, but is captured by slave traders.  Renamed Spaniard and forced to become a gladiator, Maximus must battle to the death with other men for the amusement of paying audiences.",53.587,/ty8TGRuvJLPUmAR1H1nRIsgwvim.jpg,"Action, Drama, Adventure","epic, gladiator, rome, italy, arena, senate, roman empire, parent child relationship, emperor, slavery, ancient rome, revenge, battlefield, slave auction, historical fiction, ancient world, combat, chariot, philosopher, barbarian horde, 2nd century, successor, commodus, maximus"
279,279,603,The Matrix,463517383,8.206,tt0133093,The Matrix,"Set in the 22nd century, The Matrix tells the story of a computer hacker who joins a group of underground insurgents fighting the vast and powerful computers who now rule the earth.",78.564,/f89U3ADr1oiB1s9GkdPOEpXUk5H.jpg,"Action, Science Fiction","man vs machine, martial arts, dream, artificial intelligence (a.i.), saving the world, hacker, self sacrifice, virtual reality, fight, prophecy, truth, philosophy, dystopia, insurgence, simulated reality , cyberpunk, dream world, woman director, messiah, action hero, gnosticism, complex"
113,113,11,Star Wars,775398007,8.204,tt0076759,Star Wars,Princess Leia is captured and held hostage by the evil Imperial forces in their effort to take over the galactic Empire. Venturesome Luke Skywalker and dashing captain Han Solo team together with the loveable robot duo R2-D2 and C-3PO to rescue the beautiful princess and restore peace and justice in the Empire.,88.559,/6FfCtAuVAW8XJjZ7eWeLibRLWTw.jpg,"Adventure, Action, Science Fiction","empire, galaxy, rebellion, android, hermit, smuggling (contraband), freedom, rebel, rescue mission, space, planet, desert, super power, oppression, space opera, wizard, totalitarianism"
319,319,68718,Django Unchained,425368238,8.171,tt1853728,Django Unchained,"With the help of a German bounty hunter, a freed slave sets out to rescue his wife from a brutal Mississippi plantation owner.",54.224,/7oWY8VDWW7thTzWh3OKYRkWUlD5.jpg,"Drama, Western","rescue, friendship, bounty hunter, texas, slavery, plantation, rivalry, revenge, shootout, racism, kindness, dentist, django, slave trade, aftercreditsstinger, black slave, agreement, 19th century, chattanooga, german, cotton plantation, plantation owner, old west, western, 1850s, mississippi"
35,35,475557,Joker,1074458282,8.168,tt7286456,Joker,"During the 1980s, a failed stand-up comedian is driven insane and turns to a life of crime and chaos in Gotham City while becoming an infamous psychopathic crime figure.",54.522,/udDclJoHjfjb8Ekgsd4FDteOkCU.jpg,"Crime, Thriller, Drama","dream, street gang, society, psychopath, clown, villain, based on comic, murder, psychological thriller, criminal mastermind, mental illness, anarchy, character study, clown makeup, subway train, social realism, supervillain, tv host, 1980s, mother son relationship, origin story, falling into madness, depressing"
536,536,406997,Wonder,305937718,8.155,tt2543472,Wonder,"The story of August Pullman – a boy with facial differences – who enters fifth grade, attending a mainstream elementary school for the first time.",40.233,/ouYgAatYH4JzIThj6FI3UYf31RI.jpg,"Drama, Family","exclusion, bullying, coney island, prejudice, school, based on children's book, family, physical disability, treacher collins syndrome"
17,17,12445,Harry Potter and the Deathly Hallows: Part 2,1341511219,8.105,tt1201607,Harry Potter and the Deathly Hallows: Part 2,"Harry, Ron and Hermione continue their quest to vanquish the evil Voldemort once and for all. Just as things begin to look hopeless for the young wizards, Harry discovers a trio of magical objects that endow him with powers to rival Voldemort's formidable skills.",110.974,/c54HpQmuwXjHq2C9wmoACjxoom3.jpg,"Fantasy, Adventure","witch, dying and death, saving the world, self sacrifice, magic, school of witchcraft, sorcerer, school, battle, wizard, teenage hero, christmas, based on young adult novel, good versus evil, wizarding world"
233,233,280,Terminator 2: Judgment Day,520000000,8.104,tt0103064,Terminator 2: Judgment Day,"Nearly 10 years have passed since Sarah Connor was targeted for termination by a cyborg from the future. Now her son, John, the future leader of the resistance, is the target for a newer, more deadly terminator. Once again, the resistance has managed to send a protector back to attempt to save John and his mother Sarah.",69.45,/5M0j0B18abtBI5gi2RhfjjurTqb.jpg,"Action, Thriller, Science Fiction","cyborg, shotgun, dystopia, moral ambiguity, post-apocalyptic future, villain, time travel, mental institution, juvenile delinquent, fictional war, urban setting, troubled teen, morphing, nuclear weapons, shape shifter, savior, catch phrase, aggressive, action hero, good versus evil, terminator"
231,231,10681,WALL·E,521311860,8.078,tt0910970,WALL·E,"What if mankind had to leave Earth and somebody forgot to turn the last robot off? After hundreds of years doing what he was built for, WALL•E discovers a new purpose in life when he meets a sleek search robot named EVE. EVE comes to realize that WALL•E has inadvertently stumbled upon the key to the planet's future, and races back to space to report to the humans. Meanwhile, WALL•E chases EVE across the galaxy and sets into motion one of the most imaginative adventures ever brought to the big screen.",58.517,/hbhFnRzzg6ZDmm8YAmxBnQpQIPh.jpg,"Animation, Family, Science Fiction","garbage, dystopia, space travel, distant future, loneliness, robot, aftercreditsstinger, duringcreditsstinger"
360,360,106646,The Wolf of Wall Street,392000000,8.035,tt0993846,The Wolf of Wall Street,"A New York stockbroker refuses to cooperate in a large securities fraud case involving corruption on Wall Street, corporate banking world and mob infiltration. Based on Jordan Belfort's autobiography.",97.444,/34m2tygAYBGqA9MXKhRDtzYd4MR.jpg,"Crime, Drama, Comedy","corruption, drug addiction, anti hero, con man, fraud, wall street, based on true story, rise and fall, con artist, money, stockbroker, wealthy, drugs, stripping, hedonism, decadence, corrupt, 1980s, sharemarket fraud, financial market, black monday, joyful"
91,91,447365,Guardians of the Galaxy Vol. 3,845430302,8.023,tt6791350,Guardians of the Galaxy Vol. 3,"Peter Quill, still reeling from the loss of Gamora, must rally his team around him to defend the universe along with protecting one of their own. A mission that, if not completed successfully, could quite possibly lead to the end of the Guardians as we know them.",318.516,/r2J02Z2OpNTctfOSN1Ydgii51I3.jpg,"Science Fiction, Adventure, Action","hero, superhero, mad scientist, based on comic, sequel, superhero team, space opera, raccoon, aftercreditsstinger, duringcreditsstinger, marvel cinematic universe (mcu), cosmic, outer space, chosen family"
107,107,673,Harry Potter and the Prisoner of Azkaban,789804554,8.02,tt0304141,Harry Potter and the Prisoner of Azkaban,"Year three at Hogwarts means new fun and challenges as Harry learns the delicate art of approaching a Hippogriff, transforming shape-shifting Boggarts into hilarity and even turning back time. But the term also brings danger: soul-sucking Dementors hover over the school, an ally of the accursed He-Who-Cannot-Be-Named lurks within the castle walls, and fearsome wizard Sirius Black escapes Azkaban. And Harry will confront them all.",124.386,/aWxwnYoe8p2d2fcxOqtvAtJ72Rw.jpg,"Adventure, Fantasy","witch, school friend, friendship, flying, magic, bus, traitor, child hero, school of witchcraft, black magic, time travel, school, best friend, werewolf, muggle, wizard, aftercreditsstinger, magical creature, night bus, teenage life, christmas, school class, based on young adult novel, magic spell, wizarding world"
428,428,14,American Beauty,356296601,8.0,tt0169547,American Beauty,"Lester Burnham, a depressed suburban father in a mid-life crisis, decides to turn his hectic life around after developing an infatuation with his daughter's attractive friend.",29.837,/wby9315QzVKdW9BonAefg8jGTTb.jpg,Drama,"estate agent, adultery, coming out, first time, virgin, cheating, parent child relationship, age difference, midlife crisis, cheerleader, dark comedy, rose, satire, dysfunctional family, suburbia, coming of age, sexual fantasy, dysfunctional marriage, marijuana, loneliness, love affair, exercise, extramarital affair, realtor, quitting a job, voyeur, neighborhood, retired army man, closeted homosexual, singing in a car, gay theme, teenager, camcorder"
69,69,424694,Bohemian Rhapsody,903992901,7.997,tt1727824,Bohemian Rhapsody,"Singer Freddie Mercury, guitarist Brian May, drummer Roger Taylor and bass guitarist John Deacon take the music world by storm when they form the rock 'n' roll band Queen in 1970. Hit songs become instant classics. When Mercury's increasingly wild lifestyle starts to spiral out of control, Queen soon faces its greatest challenge yet – finding a way to keep the band together amid the success and excess.",37.55,/lHu1wtNaczFPGFDTrjCSzeLPTKN.jpg,"Music, Drama, History","london, england, aids, musician, 1970s, queen, biography, based on true story, singer, hiv, male homosexuality, fame, rock band, lgbt, 1980s, gay theme, music movie"
6,6,634649,Spider-Man: No Way Home,1921847111,7.99,tt10872600,Spider-Man: No Way Home,"Peter Parker is unmasked and no longer able to separate his normal life from the high-stakes of being a super-hero. When he asks for help from Doctor Strange the stakes become even more dangerous, forcing him to discover what it truly means to be Spider-Man.",186.065,/5weKu49pzJCt06OPpjvT80efnQj.jpg,"Action, Adventure, Science Fiction","new york city, hero, showdown, magic, loss of loved one, secret identity, superhero, villain, portal, sequel, vigilante, superhero team, alternate reality, masked vigilante, spider web, aftercreditsstinger, duringcreditsstinger, marvel cinematic universe (mcu), fight for justice, teen superhero, superhero teamup, returning hero, crossover, teamwork"
354,354,530915,1917,394638258,7.99,tt8579674,1917,"At the height of the First World War, two young British soldiers must cross enemy territory and deliver a message that will stop a deadly attack on hundreds of soldiers.",44.356,/iZf0KyrE25z1sage4SYFLCCrMi9.jpg,"War, History, Thriller","race against time, world war i, british army, soldier, trenches, 1910s, trench warfare, no man's land"
438,438,640,Catch Me If You Can,352114312,7.971,tt0264464,Catch Me If You Can,"A true story about Frank Abagnale Jr. who, before his 19th birthday, successfully conned millions of dollars worth of checks as a Pan Am pilot, doctor, and legal prosecutor. An FBI agent makes it his mission to put him behind bars. But Frank not only eludes capture, he revels in the pursuit.",44.814,/ctjEj2xM32OvBXCq8zAdK3ZrsAj.jpg,"Drama, Crime","fbi, con man, biography, based on true story, attempted jailbreak, engagement party, mislaid trust, christmas, bank fraud"
355,355,862,Toy Story,394400000,7.971,tt0114709,Toy Story,"Led by Woody, Andy's toys live happily in his room until Andy's birthday brings Buzz Lightyear onto the scene. Afraid of losing his place in Andy's heart, Woody plots against Buzz. But when circumstances separate Buzz and Woody from their owner, the duo eventually learns to put aside their differences.",78.404,/uXDfjJbdP4ijW5hWSBrPrlKpxab.jpg,"Animation, Adventure, Family, Comedy","rescue, friendship, mission, martial arts, jealousy, bullying, elementary school, rivalry, anthropomorphism, friends, computer animation, buddy, walkie talkie, toy car, boy next door, new toy, neighborhood, toy comes to life, resourcefulness"
502,502,916224,Suzume,321092572,7.967,tt16428256,すずめの戸締まり,"Suzume, 17, lost her mother as a little girl. On her way to school, she meets a mysterious young man. But her curiosity unleashes a calamity that endangers the entire population of Japan, and so Suzume embarks on a journey to set things right.",175.357,/vIeu8WysZrTSFb2uhPViKjX9EcC.jpg,"Animation, Drama, Adventure, Fantasy","magic, door, natural disaster, calamity, travel, teenage girl, female protagonist, supernatural creature, enviromental, journey, anime, cliché"
347,347,770,Gone with the Wind,402352579,7.965,tt0031381,Gone with the Wind,The spoiled daughter of a Georgia plantation owner conducts a tumultuous romance with a cynical profiteer during the American Civil War and Reconstruction Era.,46.849,/lNz2Ow0wGCAvzckW7EOjE03KcYv.jpg,"Drama, War, Romance","civil war, based on novel or book, marriage crisis, loss of loved one, widow, atlanta, slavery, plantation, typhus, romance, casualty of war, second marriage, american civil war, technicolor, reconstruction era, businesswoman, 1860s, 1870s, antebellum south"
133,133,14160,Up,735099082,7.949,tt1049413,Up,"Carl Fredricksen spent his entire life dreaming of exploring the globe and experiencing life to its fullest. But at age 78, life seems to have passed him by, until a twist of fate (and a persistent 8-year old Wilderness Explorer named Russell) gives him a new lease on life.",90.968,/vpbaStTMt8qqXaEgnOR2EE4DNJk.jpg,"Animation, Comedy, Family, Adventure","central and south america, age difference, balloon, travel, dog, duringcreditsstinger, pets, exploring, senior"
155,155,745,The Sixth Sense,672806292,7.944,tt0167404,The Sixth Sense,"Following an unexpected tragedy, child psychologist Malcolm Crowe meets a nine year old boy named Cole Sear, who is hiding a dark secret.",32.836,/4AfSDjjCy6T5LA1TMz0Lh2HlpRh.jpg,"Mystery, Thriller, Drama","dying and death, child abuse, philadelphia, pennsylvania, sense of guilt, afterlife, marriage crisis, loss of loved one, confidence, psychology, paranormal phenomena, single, psychological thriller, cowardliness, single mother, school play, ghost, child, spiritism, ghost child"
68,68,329,Jurassic Park,920100000,7.941,tt0107290,Jurassic Park,"A wealthy entrepreneur secretly creates a theme park featuring living dinosaurs drawn from prehistoric DNA. Before opening day, he invites a team of experts and his two eager grandchildren to experience the park and help calm anxious investors. However, the park is anything but amusing as the security systems go off-line and the dinosaurs escape.",24.213,/oU7Oq2kFAAlGqbU4VoAE36g4hoI.jpg,"Adventure, Science Fiction","exotic island, island, triceratops, brontosaurus, electric fence, dna, tyrannosaurus rex, paleontology, dinosaur, amusement park, theme park"
523,523,360814,Dangal,311000000,7.934,tt5074352,दंगल,"Dangal is an extraordinary true story based on the life of Mahavir Singh and his two daughters, Geeta and Babita Phogat. The film traces the inspirational journey of a father who trains his daughters to become world class wrestlers.",12.466,/1xoavuB5bO92wo3eFQjZN2I9ptV.jpg,"Drama, Family, Comedy, Action","small town, strong woman, sports, parent child relationship, empowerment, feminism, wrestling, training, biography, autobiography, domestic abuse, fighting, womanhood, endurance, woman vs woman fight, female empowerment, determination, strength training, abusive father, overcoming fears, father daughter relationship"
363,363,85,Raiders of the Lost Ark,389925971,7.924,tt0082971,Raiders of the Lost Ark,"When Dr. Indiana Jones – the tweed-suited professor who just happens to be a celebrated archaeologist – is hired by the government to locate the legendary Ark of the Covenant, he finds himself up against the entire Nazi regime.",60.763,/ceG9VzoRAVGwivFU403Wc3AHRys.jpg,"Adventure, Action","egypt, treasure, medallion, swastika, saving the world, nepal, himalaya mountain range, cairo, moses, hat, whip, leather jacket, mediterranean, ark of the covenant, ten commandments, nazi, excavation, riddle, treasure hunt, archaeologist, adventurer, archeology, religious history, 1930s"
87,87,150540,Inside Out,857611174,7.922,tt2096673,Inside Out,"Growing up can be a bumpy road, and it's no exception for Riley, who is uprooted from her Midwest life when her father starts a new job in San Francisco. Riley's guiding emotions— Joy, Fear, Anger, Disgust and Sadness—live in Headquarters, the control centre inside Riley's mind, where they help advise her through everyday life and tries to keep things positive, but the emotions conflict on how best to navigate a new city, house and school.",107.292,/2H1TmgdfNtsKlU9jKdeNyYL5y8T.jpg,"Animation, Family, Adventure, Drama, Comedy","dream, san francisco, california, minnesota, sadness, cartoon, ice hockey, imaginary friend, elementary school, family relationships, memory, family, unicorn, running away, duringcreditsstinger, emotions"
342,342,438695,Sing 2,406000000,7.918,tt6467266,Sing 2,"Buster and his new cast now have their sights set on debuting a new show at the Crystal Tower Theater in glamorous Redshore City. But with no connections, he and his singers must sneak into the Crystal Entertainment offices, run by the ruthless wolf mogul Jimmy Crystal, where the gang pitches the ridiculous idea of casting the lion rock legend Clay Calloway in their show. Buster must embark on a quest to find the now-isolated Clay and persuade him to return to the stage.",83.117,/aWeKITRFbbwY8txG5uCj4rMCfSP.jpg,"Animation, Family","stage, villain, sequel, anthropomorphism, singing, animal, illumination"
52,52,671,Harry Potter and the Philosopher's Stone,976475550,7.916,tt0241527,Harry Potter and the Philosopher's Stone,"Harry Potter has lived under the stairs at his aunt and uncle's house his whole life. But on his 11th birthday, he learns he's a powerful wizard—with a place waiting for him at the Hogwarts School of Witchcraft and Wizardry. As he learns to harness his newfound powers with the help of the school's kindly headmaster, Harry uncovers the truth about his parents' deaths—and about the villain who's to blame.",185.482,/wuMc08IPKEatf9rnMNXvIDxqP4W.jpg,"Adventure, Fantasy","witch, school friend, friendship, london, england, based on novel or book, magic, boarding school, child hero, school of witchcraft, chosen one, school, shopping, fantasy world, wizard, christmas, based on young adult novel, owl, wizarding world"
538,538,10674,Mulan,304320254,7.915,tt0120762,Mulan,"To save her father from certain death in the army, a young woman secretly enlists in his place and becomes one of China's greatest heroines in the process.",73.011,/5TYgKxYhnhRNNwqnRAKHkgfqi2G.jpg,"Animation, Family, Adventure","princess, daughter, china, homeland, villain, musical, sexism, training, cricket, based on true story, female protagonist, dragon, east asian lead, war hero, based on song, poem or rhyme, luck, great wall of china, gender disguise, based on fairy tale, female warrior, hand drawn animation, father daughter relationship, action comedy, woman disguised as man"
309,309,316029,The Greatest Showman,432844677,7.908,tt1485796,The Greatest Showman,"The story of American showman P.T. Barnum, founder of the circus that became the famous traveling Ringling Bros. and Barnum & Bailey Circus.",33.346,/b9CeobiihCx1uG1tpw8hXmpi7nm.jpg,Drama,"adultery, circus, musical, biography, rags to riches, based on true story, outcast, singing, dreamer, freak show, grand"
115,115,118340,Guardians of the Galaxy,772776600,7.906,tt2015381,Guardians of the Galaxy,"Light years from Earth, 26 years after being abducted, Peter Quill finds himself the prime target of a manhunt after discovering an orb wanted by Ronan the Accuser.",33.255,/r7vmZjiyZw9rpJMQJdXpjgiCOk9.jpg,"Action, Science Fiction, Adventure","spacecraft, based on comic, space, orphan, adventurer, aftercreditsstinger, duringcreditsstinger, marvel cinematic universe (mcu)"
131,131,615453,Ne Zha,742500000,7.906,tt10627720,哪吒之魔童降世,"The Primus extracts a Mixed Yuan Bead into a Spirit Seed and a Demon Pill. The Spirit Seed can be reincarnated as a human to help King Zhou establish a new dynasty, whereas the Demon Pill will create a devil threatening humanity. Ne Zha is the one who is destined to be the hero, but instead he becomes a devil incarnate, because the Spirit Seed and a Demon Pill are switched.",17.093,/phM9bb6s9c60LA8qwsdk7U1N2cS.jpg,"Animation, Fantasy, Adventure","based on novel or book, swordplay, magic, dragon, demon, 16th century, feng shen yanyi, nezha character, nezha"
3,3,597,Titanic,2264162353,7.9,tt0120338,Titanic,"101-year-old Rose DeWitt Bukater tells the story of her life aboard the Titanic, 84 years later. A young Rose boards the ship with her mother and fiancé. Meanwhile, Jack Dawson and Fabrizio De Rossi win third-class tickets aboard the ship. Rose tells the whole story from Titanic's departure through to its death—on its first and last voyage—on April 15, 1912.",102.348,/9xjZS2rlVxm8SFx8kPC3aIGCOYQ.jpg,"Drama, Romance","epic, ship, drowning, panic, shipwreck, evacuation, iceberg, titanic, forbidden love, ocean liner, based on true story, rich woman poor man, love, tragedy, tragic love, disaster, historical fiction, class differences, love affair, historical event, lifeboat, star crossed lovers, sinking ship, steerage, rich snob, disaster movie, 1910s, sunken ship, absurd, sinister, romantic, tragic"
531,531,1402,The Pursuit of Happyness,307077295,7.9,tt0454921,The Pursuit of Happyness,A struggling salesman takes custody of his son as he's poised to begin a life-changing professional career.,42.153,/kTdG9wKnREyjK6nlFDNmpe7wlIK.jpg,Drama,"work, worker, homeless person, single parent, san francisco, california, bus, homelessness, church service, bad luck, biography, based on true story, salesman, stockbroker, poor"
296,296,313369,La La Land,447407695,7.897,tt3783958,La La Land,"Mia, an aspiring actress, serves lattes to movie stars in between auditions and Sebastian, a jazz musician, scrapes by playing cocktail party gigs in dingy bars, but as success mounts they are faced with decisions that begin to fray the fragile fabric of their love affair, and the dreams they worked so hard to maintain in each other threaten to rip them apart.",32.009,/uDO8zWDhfWwoFdKS4fzkUJt0Rf0.jpg,"Comedy, Drama, Romance, Music","dancing, dance, jazz, musical, ambition, casting, coffee shop, jazz club, traffic jam, hollywood, los angeles, california, pianist, pier, audition, planetarium, aspiring actor, movie set, sunset, one woman show, pool party, griffith observatory"
398,398,210577,Gone Girl,369330363,7.892,tt2267998,Gone Girl,"With his wife's disappearance having become the focus of an intense media circus, a man sees the spotlight turned on him when it's suspected that he may not be innocent.",46.611,/qymaJhucquUwjpb8oiqynMeXnID.jpg,"Mystery, Thriller, Drama","infidelity, based on novel or book, wife, marriage crisis, investigation, disappearance, psychological thriller, whodunit, missing person, search party, criminal lawyer, murder suspect, missing wife, perspective, manipulative woman, killed during sex, dramatic, amused"
199,199,1892,Return of the Jedi,572700000,7.892,tt0086190,Return of the Jedi,"Luke Skywalker leads a mission to rescue his friend Han Solo from the clutches of Jabba the Hutt, while the Emperor seeks to destroy the Rebellion once and for all with a second dreaded Death Star.",40.104,/jQYlydvHm3kUix1f8prMucrplhm.jpg,"Adventure, Action, Science Fiction","spacecraft, sibling relationship, rebel, emperor, space battle, matter of life and death, forest, desert, space opera"
510,510,453,A Beautiful Mind,316800000,7.851,tt0268978,A Beautiful Mind,"John Nash is a brilliant but asocial mathematician fighting schizophrenia. After he accepts secret work in cryptography, his life takes a turn for the nightmarish.",36.253,/zwzWCmH72OSC9NA0ipoqw5Zjya8.jpg,"Drama, Romance","individual, schizophrenia, love of one's life, intelligence, mathematics, massachusetts, mathematician, market economy, economic theory, princeton university, nobel prize, mathematical theorem, delusion, genius, biography, math genius, savant"
516,516,546554,Knives Out,312897920,7.847,tt8946378,Knives Out,"When renowned crime novelist Harlan Thrombey is found dead at his estate just after his 85th birthday, the inquisitive and debonair Detective Benoit Blanc is mysteriously enlisted to investigate. From Harlan's dysfunctional family to his devoted staff, Blanc sifts through a web of red herrings and self-serving lies to uncover the truth behind Harlan's untimely death.",39.064,/pThyQovXQrw2m0s9x82twj48Jq4.jpg,"Comedy, Crime, Mystery","immigrant, detective, massachusetts, investigation, big family, mansion, whodunit, family home, murder mystery, neo-noir, privilege"
265,265,89,Indiana Jones and the Last Crusade,474171806,7.847,tt0097576,Indiana Jones and the Last Crusade,"In 1938, an art collector appeals to eminent archaeologist Dr. Indiana Jones to embark on a search for the Holy Grail. Indy learns that a medieval historian has vanished while searching for it, and the missing man is his own father, Dr. Henry Jones Sr.. He sets out to rescue his father by following clues in the old man's notebook, which his father had mailed to him before he went missing. Indy arrives in Venice, where he enlists the help of a beautiful academic, Dr. Elsa Schneider, along with Marcus Brody and Sallah. Together they must stop the Nazis from recovering the power of eternal life and taking over the world!",52.439,/npUCnxl1fqgt3aQiMQq0iJdZMZp.jpg,"Adventure, Action","saving the world, nazi, holy grail, venice, italy, entrapment, crusader, germany, riddle, brotherhood, zeppelin, tank, book burning, nazi officer, boat chase, gestapo, single father, traveling circus, archaeologist, bible quote, medieval, boy scouts, german soldier, motorcycle chase, hindenburg, german agent, 1930s, biblical archaeology, father son relationship, adolf hitler, german language, knights templar, nazi germany, the crusades"
322,322,581,Dances with Wolves,424208848,7.846,tt0099348,Dances with Wolves,"Wounded Civil War soldier, John Dunbar tries to commit suicide—and becomes a hero instead. As a reward, he's assigned to his dream post, a remote junction on the Western frontier, and soon makes unlikely friends with the local Sioux tribe.",28.076,/cvaBVpS0GzKqBd63pFT8f1E8OKv.jpg,"Adventure, Drama, Western","friendship, mutiny, countryside, based on novel or book, unsociability, wolf, culture clash, self-discovery, freedom, desertion, language barrier, dakota, buffalo, native american, kansas, usa, sioux, tennessee, snow, pawnee tribe, 19th century, lakota, bison, early america"
196,196,585,"Monsters, Inc.",579707738,7.835,tt0198781,"Monsters, Inc.","Lovable Sulley and his wisecracking sidekick Mike Wazowski are the top scare team at Monsters, Inc., the scream-processing factory in Monstropolis. When a little girl named Boo wanders into their world, it's the monsters who are scared silly, and it's up to Sulley and Mike to keep her out of sight and get her back home.",86.936,/sgheSKxZkttIe8ONsf2sWXPgip3.jpg,"Animation, Comedy, Family","monster, panic, cheating, kidnapping, door, infant, villain, portal, rivalry, energy supply, friends, hijinks, best friend, chameleon, family, parallel world, conveyor belt, invisibility, energy company, conspirators"
60,60,12,Finding Nemo,940335536,7.824,tt0266543,Finding Nemo,"Nemo, an adventurous young clownfish, is unexpectedly taken from his Great Barrier Reef home to a dentist's office aquarium. It's up to his worrisome father Marlin and a friendly but forgetful fish Dory to bring Nemo home -- meeting vegetarian sharks, surfer dude turtles, hypnotic jellyfish, hungry seagulls, and more along the way.",55.456,/ggQ6o8X5984OCh3kZi2UIJQJY5y.jpg,"Animation, Family","sydney, australia, parent child relationship, anthropomorphism, harbor, underwater, shark, pelican, fish tank, great barrier reef, sea turtle, missing child, aftercreditsstinger, duringcreditsstinger, short term memory loss, clownfish, father son reunion, protective father"
73,73,674,Harry Potter and the Goblet of Fire,895921036,7.816,tt0330373,Harry Potter and the Goblet of Fire,"When Harry Potter's name emerges from the Goblet of Fire, he becomes a competitor in a grueling battle for glory among three wizarding schools—the Triwizard Tournament. But since Harry never submitted his name for the Tournament, who did? Now Harry must confront a deadly dragon, fierce water demons and an enchanted maze only to find himself in the cruel grasp of He Who Must Not Be Named.",134.276,/fECBtHlr0RB3foNHDiCBXeg9Bv9.jpg,"Adventure, Fantasy","witch, dying and death, based on novel or book, magic, boarding school, world cup, maze, mermaid, school of witchcraft, black magic, chosen one, vision, school, tournament, dragon, wizard, teenage hero, christmas, based on young adult novel, wizarding world"
315,315,603692,John Wick: Chapter 4,426978565,7.814,tt10366206,John Wick: Chapter 4,"With the price on his head ever increasing, John Wick uncovers a path to defeating The High Table. But before he can earn his freedom, Wick must face off against a new enemy with powerful alliances across the globe and forces that turn old friends into foes.",482.538,/vZloFAK7NmvMGKE7VkF5UHaz0I.jpg,"Action, Thriller, Crime","new york city, martial arts, hitman, sequel, organized crime, osaka, japan, blindness, aftercreditsstinger, hunted, consequences, professional assassin, neo-noir, berlin, suspenseful, intense"
245,245,10191,How to Train Your Dragon,494879471,7.813,tt0892769,How to Train Your Dragon,"As the son of a Viking leader on the cusp of manhood, shy Hiccup Horrendous Haddock III faces a rite of passage: he must kill a dragon to prove his warrior mettle. But after downing a feared dragon, he realizes that he no longer wants to destroy it, and instead befriends the beast – which he names Toothless – much to the chagrin of his warrior father.",54.176,/ygGmAO60t8GyqUo9xYeYxSZAR3b.jpg,"Fantasy, Adventure, Animation, Family","friendship, ship, blacksmith, island, based on novel or book, flying, arena, village, training, ignorance, viking, forest, flight, nest, dragon, battle, combat, well, warrior, pets"
175,175,2062,Ratatouille,623726000,7.809,tt0382932,Ratatouille,"Remy, a resident of Paris, appreciates good food and has quite a sophisticated palate. He would love to become a chef so he can create and enjoy culinary masterpieces to his heart's delight. The only problem is, Remy is a rat. When he winds up in the sewer beneath one of Paris' finest restaurants, the rodent gourmet finds himself ideally placed to realize his dream.",82.488,/t3vaWRPSf6WjDSamIkKDs1iQWna.jpg,"Animation, Comedy, Family, Fantasy","work, sibling relationship, paris, france, expensive restaurant, river, confidence, evacuation, mouse, leaving one's family, restaurant critic, spice, cookbook, food, chef, sewer, unlikely friendship, rat, french cuisine"
178,178,263115,Logan,619021436,7.8,tt3315342,Logan,"In the near future, a weary Logan cares for an ailing Professor X in a hideout on the Mexican border. But Logan's attempts to hide from the world and his legacy are upended when a young mutant arrives, pursued by dark forces.",54.194,/fnbjcRDYn6YviCcePDnGdyAkYsB.jpg,"Action, Drama, Science Fiction","future, experiment, immortality, self-destruction, cyborg, dystopia, superhero, mutant, road trip, based on comic, sequel, super power, neo-western, troubled past, aging superhero, life on the margin"
161,161,22,Pirates of the Caribbean: The Curse of the Black Pearl,655011224,7.794,tt0325980,Pirates of the Caribbean: The Curse of the Black Pearl,"Jack Sparrow, a freewheeling 18th-century pirate, quarrels with a rival pirate bent on pillaging Port Royal. When the governor's daughter is kidnapped, Sparrow decides to help the girl's love save her.",80.509,/z8onk7LV9Mmw6zKz4hT6pzzvmvl.jpg,"Adventure, Fantasy, Action","blacksmith, east india company, gold, exotic island, governor, skeleton, jamaica, british empire, pirate, swashbuckler, 18th century, caribbean sea, aftercreditsstinger, pirate ship, british navy, tortuga, based on theme park ride"
38,38,10193,Toy Story 3,1066969703,7.792,tt0435761,Toy Story 3,"Woody, Buzz, and the rest of Andy's toys haven't been played with in years. With Andy about to go to college, the gang find themselves accidentally left at a nefarious day care center. The toys must band together to escape and return home to Andy.",69.145,/AbbXspMOwdvwWZgVN0nabZq03Ec.jpg,"Animation, Family, Comedy","escape, hostage, college, sequel, buddy, daycare, teddy bear, duringcreditsstinger, toy comes to life, personification, inanimate objects come to life"
349,349,438631,Dune,402027830,7.789,tt1160419,Dune,"Paul Atreides, a brilliant and gifted young man born into a great destiny beyond his understanding, must travel to the most dangerous planet in the universe to ensure the future of his family and his people. As malevolent forces explode into conflict over the planet's exclusive supply of the most precious resource in existence-a commodity capable of unlocking humanity's greatest potential-only those who can conquer their fear will survive.",75.848,/d5NXSklXo0qyIYkgV94XAgMIckC.jpg,"Science Fiction, Adventure","empire, future, epic, army, based on novel or book, prophecy, dystopia, emperor, sand, spice, hallucinogen, treason, baron, revenge, premonition, betrayal, space, water shortage, creature, desert, knife fight, destiny, giant worm, space opera, sand dune, messiah, mother son relationship, giant creature"
34,34,49026,The Dark Knight Rises,1081041287,7.777,tt1345836,The Dark Knight Rises,"Following the death of District Attorney Harvey Dent, Batman assumes responsibility for Dent's crimes to protect the late attorney's reputation and is subsequently hunted by the Gotham City Police Department. Eight years later, Batman encounters the mysterious Selina Kyle and the villainous Bane, a new terrorist leader who overwhelms Gotham's finest. The Dark Knight resurfaces to protect a city that has branded him an enemy.",76.914,/hr0L2aueqlP2BYUblTTjmtn0hw4.jpg,"Action, Crime, Drama, Thriller","fight, burglar, hostage, secret identity, crime fighter, superhero, villainess, time bomb, based on comic, cover-up, vigilante, tragic hero, mobile, terrorism, destruction, fighting, criminal underworld, cat burglar, flood"
15,15,502356,The Super Mario Bros. Movie,1355725263,7.775,tt6718170,The Super Mario Bros. Movie,"While working underground to fix a water main, Brooklyn plumbers—and brothers—Mario and Luigi are transported down a mysterious pipe and wander into a magical new world. But when the brothers are separated, Mario embarks on an epic quest to find Luigi.",410.411,/qNBAXBIQlnOThrVvA6mA2B5ggV6.jpg,"Animation, Family, Adventure, Fantasy, Comedy","gorilla, plumber, anthropomorphism, magic mushroom, based on video game, toad, aftercreditsstinger, duringcreditsstinger, damsel in distress, piano, brother brother relationship, illumination, evil king, cliché"
59,59,12444,Harry Potter and the Deathly Hallows: Part 1,954305868,7.763,tt0926084,Harry Potter and the Deathly Hallows: Part 1,"Harry, Ron and Hermione walk away from their last year at Hogwarts to find and destroy the remaining Horcruxes, putting an end to Voldemort's bid for immortality. But with Harry's beloved Dumbledore dead and Voldemort's unscrupulous Death Eaters on the loose, the world is more dangerous than ever.",111.984,/iGoXIpQb7Pot00EEdwpwPajheZ5.jpg,"Adventure, Fantasy","witch, friendship, london, england, corruption, escape, teleportation, isolation, magic, bravery, radio, road trip, shelter, tension, attack, werewolf, road movie, wizard, christmas, based on young adult novel, wizarding world"
229,229,166428,How to Train Your Dragon: The Hidden World,524580592,7.761,tt2386490,How to Train Your Dragon: The Hidden World,"As Hiccup fulfills his dream of creating a peaceful dragon utopia, Toothless’ discovery of an untamed, elusive mate draws the Night Fury away. When danger mounts at home and Hiccup’s reign as village chief is tested, both dragon and rider must make impossible decisions to save their kind.",61.84,/xvx4Yhf0DVH8G4LzNISpMfFBDy2.jpg,"Animation, Family, Adventure","based on novel or book, flying, viking, sequel, overpopulation, dragon, love interest, based on children's book"
253,253,976573,Elemental,486797988,7.757,tt15789038,Elemental,"In a city where fire, water, land and air residents live together, a fiery young woman and a go-with-the-flow guy will discover something elemental: how much they have in common.",1008.942,/4Y1WNkd88JXmGfhtWR7dmDAo1T2.jpg,"Animation, Comedy, Family, Fantasy, Romance","fire, computer animation, duringcreditsstinger, elements, water, city, hopeful"
431,431,380,Rain Man,354825435,7.756,tt0095953,Rain Man,"When car dealer Charlie Babbitt learns that his estranged father has died, he returns home to Cincinnati, where he discovers that he has a savant older brother named Raymond and that his father's $3 million fortune is being left to the mental institution in which Raymond lives. Motivated by his father's money, Charlie checks Raymond out of the facility in order to return with him to Los Angeles. The brothers' cross-country trip ends up changing both their lives.",21.798,/iTNHwO896WKkaoPtpMMS74d8VNi.jpg,Drama,"mentally disabled, individual, loss of loved one, yuppie, autism, car dealer, egocentrism, convertible, road trip, blackjack, cincinnati, travel, las vegas, psychiatrist, disability, mentally handicapped man, duringcreditsstinger, asperger's syndrome, suppressed memory, forgotten memory, savant"
479,479,165,Back to the Future Part II,332000000,7.752,tt0096874,Back to the Future Part II,"Marty and Doc are at it again in this wacky sequel to the 1985 blockbuster as the time-traveling duo head to 2015 to nip some McFly family woes in the bud. But things go awry thanks to bully Biff Tannen and a pesky sports almanac. In a last-ditch attempt to set things straight, Marty finds himself bound for 1955 and face to face with his teenage parents -- again.",30.516,/hQq8xZe5uLjFzSBt4LanNP7SQjl.jpg,"Adventure, Comedy, Science Fiction","flying car, skateboarding, car race, lightning, guitar, inventor, time travel, diner, car crash, sequel, alternate history, thunderstorm, tunnel, high school dance, hoverboard, 2010s, hilarious"
46,46,269149,Zootopia,1023784195,7.748,tt2948356,Zootopia,"Determined to prove herself, Officer Judy Hopps, the first bunny on Zootopia's police force, jumps at the chance to crack her first case - even if it means partnering with scam-artist fox Nick Wilde to solve the mystery.",98.11,/hlK0e0wAQ3VLuJcsfIYPvb4JVud.jpg,"Animation, Adventure, Family, Comedy","sheep, allegory, lion, hippopotamus, cartoon, bullying, polar bear, con artist, anthropomorphism, revenge, conspiracy, urban, female protagonist, rookie cop, missing person, racial prejudice, injustice, reconciliation, buddy cop, stereotype, cartoon rabbit, discrimination, cartoon bear, cartoon animal, cartoon fox, cartoon elephant"
204,204,575264,Mission: Impossible - Dead Reckoning Part One,563148955,7.74,tt9603212,Mission: Impossible - Dead Reckoning Part One,"Ethan Hunt and his IMF team embark on their most dangerous mission yet: To track down a terrifying new weapon that threatens all of humanity before it falls into the wrong hands. With control of the future and the world's fate at stake and dark forces from Ethan's past closing in, a deadly race around the globe begins. Confronted by a mysterious, all-powerful enemy, Ethan must consider that nothing can matter more than his mission—not even the lives of those he cares about most.",401.083,/NNxYkU70HPurnNCSiCjYAmacwm.jpg,"Action, Thriller","race against time, mission, rome, italy, chase, secret mission, secret agent, sequel, intelligence agency, rogue agent, based on tv series, secret government agency, serious, northern norway, exhilarated"
330,330,45269,The King's Speech,414211549,7.74,tt1504320,The King's Speech,"The King's Speech tells the story of the man who became King George VI, the father of Queen Elizabeth II. After his brother abdicates, George ('Bertie') reluctantly assumes the throne. Plagued by a dreaded stutter and considered unfit to be king, Bertie engages the help of an unorthodox speech therapist named Lionel Logue. Through a set of unexpected techniques, and as a result of an unlikely friendship, Bertie is able to find his voice and boldly lead the country into war.",29.833,/uQ538BfYLDJh3GXlzRZLo0j7PFj.jpg,"Drama, History","great britain, marriage, stutter, monarchy, palace, radio, radio transmission, royal family, based on true story, death of father, speech, royalty, historical fiction, 1930s, british royal family, british monarchy, winston churchill, speech therapy, corgi"
160,160,177572,Big Hero 6,657827828,7.738,tt2245084,Big Hero 6,"A special bond develops between plus-sized inflatable robot Baymax, and prodigy Hiro Hamada, who team up with a group of friends to form a band of high-tech heroes.",98.41,/2mxS4wUimwlLmI1xp6QW6NSU361.jpg,"Adventure, Family, Animation, Action, Comedy","friendship, martial arts, hero, sibling relationship, san francisco, california, superhero, talent, cartoon, based on comic, revenge, tokyo, japan, best friend, another dimension, robot, east asian lead, boy genius, aftercreditsstinger, moral dilemma, teen superhero, dead brother"
321,321,10020,Beauty and the Beast,424967620,7.734,tt0101414,Beauty and the Beast,"Follow the adventures of Belle, a bright young woman who finds herself in the castle of a prince who's been turned into a mysterious beast. With the help of the castle's enchanted staff, Belle soon learns the most important lesson of all -- that true beauty comes from within.",72.077,/hUJ0UvQ5tgE2Z9WpfuduVSdiCiU.jpg,"Romance, Family, Animation, Fantasy","princess, france, prince, castle, rose, musical, insane asylum, beast, based on fairy tale, eccentric man, toxic masculinity"
381,381,12405,Slumdog Millionaire,378410542,7.734,tt1010048,Slumdog Millionaire,"A teenager reflects on his life after being accused of cheating on the Indian version of ""Who Wants to be a Millionaire?"".",22.969,/5leCCi7ZF0CawAfM5Qo2ECKPprc.jpg,"Drama, Romance","based on novel or book, slum, cheating, suspicion, mumbai (bombay), india, game show, quiz, orphan, duringcreditsstinger, taj mahal, india"
251,251,808,Shrek,487853320,7.73,tt0126029,Shrek,"It ain't easy bein' green -- especially if you're a likable (albeit smelly) ogre named Shrek. On a mission to retrieve a gorgeous princess from the clutches of a fire-breathing dragon, Shrek teams up with an unlikely compatriot -- a wisecracking donkey.",94.456,/dyhaB19AICF7TO7CK2aD6KfymnQ.jpg,"Animation, Comedy, Fantasy, Adventure, Family","princess, magic, fairy tale, donkey, liberation, lordship, prince, castle, robin hood, enchantment, swamp, parody, anthropomorphism, dragon, woman director, ogre, cartoon donkey, shrek cinematic universe"
79,79,672,Harry Potter and the Chamber of Secrets,876688482,7.721,tt0295297,Harry Potter and the Chamber of Secrets,"Cars fly, trees fight back, and a mysterious house-elf comes to warn Harry Potter at the start of his second year at Hogwarts. Adventure and danger await when bloody writing on a wall announces: The Chamber Of Secrets Has Been Opened. To save Hogwarts will require all of Harry, Ron and Hermione’s magical abilities and courage.",121.699,/sdEOH0992YZ0QSxgXNIGLq1ToUi.jpg,"Adventure, Fantasy","witch, flying car, elves, magic, sword, diary, child hero, school of witchcraft, giant spider, black magic, giant snake, child driving car, wizard, aftercreditsstinger, christmas, based on young adult novel, wizarding world"
303,303,9552,The Exorcist,441405644,7.72,tt0070047,The Exorcist,"12-year-old Regan MacNeil begins to adapt an explicit new personality as strange events befall the local area of Georgetown. Her mother becomes torn between science and superstition in a desperate bid to save her daughter, and ultimately turns to her last hope: Father Damien Karras, a troubled priest who is struggling with his own faith.",94.668,/4ucLGcXVVSVnsfkGtbLY4XAius8.jpg,Horror,"religion and supernatural, exorcism, holy water, paranormal phenomena, possession, vomit, satan, priest, ouija board, demon, strong language, catholic church, demonic possession, disturbed child, crisis of faith, sfx, religious horror, supernatural horror"
9,9,24428,The Avengers,1518815515,7.71,tt0848228,The Avengers,"When an unexpected enemy emerges and threatens global safety and security, Nick Fury, director of the international peacekeeping agency known as S.H.I.E.L.D., finds himself in need of a team to pull the world back from the brink of disaster. Spanning the globe, a daring recruitment effort begins!",98.082,/RYMX2wcKCBAr24UyPD7xwmjaTn.jpg,"Science Fiction, Action, Adventure","new york city, superhero, shield, based on comic, alien invasion, superhero team, aftercreditsstinger, duringcreditsstinger, marvel cinematic universe (mcu)"
116,116,414906,The Batman,770945583,7.705,tt1877830,The Batman,"In his second year of fighting crime, Batman uncovers corruption in Gotham City that connects to his own family while facing a serial killer known as the Riddler.",100.817,/74xTEgt7R36Fpooo50r9T25onhq.jpg,"Crime, Mystery, Thriller","police, psychopath, secret identity, crime fighter, superhero, nightclub, politician, based on comic, vigilante, organized crime, serial killer, millionaire, social injustice, murder investigation, aftercreditsstinger, masked superhero, political corruption, neo-noir, vengeance, mayoral election, the batman saga"
168,168,9806,The Incredibles,631442092,7.704,tt0317705,The Incredibles,"Bob Parr has given up his superhero days to log in time as an insurance adjuster and raise his three children with his formerly heroic wife in suburbia. But when he receives a mysterious assignment, it's time to get back into costume.",62.609,/2LqaLgk4Z226KkgPJuiOQ58wvrm.jpg,"Action, Adventure, Animation, Family","island, hero, secret identity, superhero, wretch, cartoon, lawsuit, family relationships, super power, 1950s, 1960s, superhero family"
386,386,272,Batman Begins,374218673,7.701,tt0372784,Batman Begins,"Driven by tragedy, billionaire Bruce Wayne dedicates his life to uncovering and defeating the corruption that plagues his home, Gotham City.  Unable to work within the system, he instead creates a new identity, a symbol of fear for the criminal underworld - The Batman.",66.286,/4MpN4kIEqUjW8OPtOQJXlTdHiJV.jpg,"Action, Crime, Drama","martial arts, undercover, loss of loved one, secret identity, crime fighter, superhero, based on comic, rivalry, ninja, vigilante, tragic hero, super power, haunted by the past, evil doctor, master villain, unfulfilled love"
63,63,767,Harry Potter and the Half-Blood Prince,933959197,7.697,tt0417741,Harry Potter and the Half-Blood Prince,"As Lord Voldemort tightens his grip on both the Muggle and wizarding worlds, Hogwarts is no longer a safe haven. Harry suspects perils may even lie within the castle, but Dumbledore is more intent upon preparing him for the final battle fast approaching. Together they work to find the key to unlock Voldemorts defenses and to this end, Dumbledore recruits his old friend and colleague Horace Slughorn, whom he believes holds crucial information. Even as the decisive showdown looms, romance blossoms for Harry, Ron, Hermione and their classmates. Love is in the air, but danger lies ahead and Hogwarts may never be the same again.",121.735,/z7uo9zmQdQwU5ZJHFpv2Upl30i1.jpg,"Adventure, Fantasy","witch, dying and death, london, england, magic, school of witchcraft, apparition, curse, teenage crush, school, werewolf, teenage love, luck, wizard, secret past, christmas, based on young adult novel, wizarding world"
529,529,22881,The Blind Side,309208309,7.692,tt0878804,The Blind Side,"The story of Michael Oher, a homeless and traumatized boy who became an All American football player and first round NFL draft pick with the help of a caring woman and her family.",35.267,/bMgq7VBriuBFknXEe9E9pVBYGZq.jpg,Drama,"sports, american football, adoption, private school, education, based on true story, memphis, tennessee, duringcreditsstinger, christian, high school football"
62,62,675,Harry Potter and the Order of the Phoenix,938212738,7.686,tt0373889,Harry Potter and the Order of the Phoenix,"Returning for his fifth year of study at Hogwarts, Harry is stunned to find that his warnings about the return of Lord Voldemort have been ignored. Left with no choice, Harry takes matters into his own hands, training a small group of students to defend themselves against the dark arts.",117.168,/5aOyriWkPec0zUDxmHFP9qMmBaj.jpg,"Adventure, Fantasy","witch, dying and death, court, magic, prophecy, loss of loved one, professor, supernatural, child hero, school of witchcraft, black magic, sorcery, occult, wizard, christmas, scholar, mystical land, ministry, based on young adult novel, wizarding world"
